<?xml version="1.0" encoding="utf-8"?><App xmlns="http://schemas.microsoft.com/sharepoint/2012/app/manifest" Name="delphi-telephonedirectory-client-side-solution" ProductID="8ee44a71-9eb7-45e5-a9dd-48b2998cd25d" SharePointMinVersion="16.0.0.0" IsClientSideSolution="true" Version="1.0.0.0" SkipFeatureDeployment="true" IsDomainIsolated="false"><Properties><Title>delphi-telephonedirectory-client-side-solution</Title><DeveloperProperties>{&quot;name&quot;:&quot;&quot;,&quot;websiteUrl&quot;:&quot;&quot;,&quot;privacyUrl&quot;:&quot;&quot;,&quot;termsOfUseUrl&quot;:&quot;&quot;,&quot;mpnId&quot;:&quot;Undefined-1.16.1&quot;}</DeveloperProperties><ShortDescription><LocalizedString CultureName="default">delphi-telephonedirectory description</LocalizedString></ShortDescription><LongDescription><LocalizedString CultureName="default">delphi-telephonedirectory description</LocalizedString></LongDescription><Screenshots></Screenshots></Properties></App>